image,split,x,y,w,h,area_ratio,contrast,hue,elongation,label
T8_normal_001.jpg,train,2561,554,14,198,0.00042832913552161197,0.4450832906024289,18,5.748567423034937,Point Overload (Faulty)
T8_normal_001.jpg,train,2561,151,14,358,0.0007247995883436247,-0.0442994989734218,9,28.543601449877592,Full Wire Overload (Potential)
T1_faulty_011.jpg,train,96,485,384,155,0.080040283203125,0.15694878286450004,32,1.019864538792902,Loose Joint (Potential)
T1_faulty_011.jpg,train,326,467,36,25,0.001636962890625,0.31070152443823895,28,1.6944259839608007,Point Overload (Potential)
T1_faulty_011.jpg,train,20,292,8,75,0.0012646484375,0.5351820188147948,26,1.0,Point Overload (Potential)
T1_faulty_011.jpg,train,326,205,207,224,0.055904541015625,0.223609956069389,28,1.1303083117936235,Loose Joint (Potential)
T1_faulty_011.jpg,train,20,198,8,83,0.001356201171875,0.16459850721211347,173,9.93737502219582,Full Wire Overload (Potential)
T1_faulty_011.jpg,train,468,79,150,34,0.00971923828125,0.2955483403671797,29,6.784113447366358,Point Overload (Potential)
T1_faulty_005.jpg,train,0,619,108,21,0.003597412109375,0.3721613586248392,35,5.046035587001933,Point Overload (Potential)
T1_faulty_005.jpg,train,20,303,8,84,0.001412353515625,0.3939867856654608,27,1.3785090686959887,Point Overload (Potential)
T1_faulty_005.jpg,train,20,193,8,101,0.0016748046875,-0.03424028181305671,173,9.949802297500911,Full Wire Overload (Potential)
T1_faulty_005.jpg,train,0,127,598,513,0.36696044921875,0.2650881013612273,28,1.5009863016332166,Loose Joint (Potential)
T11_normal_003.jpg,train,2561,554,14,198,0.00042832913552161197,0.4247011495856309,18,5.748567423034937,Point Overload (Faulty)
T11_normal_003.jpg,train,2561,151,14,358,0.0007247995883436247,-0.0442994989734218,9,28.543601449877592,Full Wire Overload (Potential)
T7_normal_001.jpg,train,2561,554,14,198,0.00042832913552161197,0.4450832906024289,18,5.748567423034937,Point Overload (Faulty)
T7_normal_001.jpg,train,2561,151,14,358,0.0007247995883436247,-0.0442994989734218,9,28.543601449877592,Full Wire Overload (Potential)
T7_faulty_001.jpg,train,2561,554,14,198,0.00042832913552161197,0.4041003350530297,18,5.748567423034937,Point Overload (Faulty)
T7_faulty_001.jpg,train,1002,441,63,30,0.00011730175495612609,-0.28608860949062037,6,2.487335186300815,Warm Area (Likely Normal)
T7_faulty_001.jpg,train,1070,383,53,98,0.0002660024645217203,-0.25701107802746215,8,2.3901021117369377,Warm Area (Likely Normal)
T7_faulty_001.jpg,train,965,368,33,69,0.00017282120030332574,-0.23690774851881213,8,2.0395732806437246,Warm Area (Likely Normal)
T7_faulty_001.jpg,train,979,313,21,23,2.4374390640233994e-05,-0.21146632752170988,10,4.127586141016034,Full Wire Overload (Potential)
T7_faulty_001.jpg,train,2561,151,14,358,0.0007247995883436247,-0.06557852488292149,9,28.543601449877592,Full Wire Overload (Potential)
T1_faulty_031.jpg,train,152,332,46,24,0.001561279296875,0.5248277238199988,29,2.559177244631062,Point Overload (Potential)
T1_faulty_031.jpg,train,20,292,8,76,0.00128173828125,1.7645483435544802,28,1.0,Point Overload (Potential)
T1_faulty_031.jpg,train,337,272,152,71,0.011348876953125,0.5071848838026431,25,2.2306360077054084,Loose Joint (Potential)
T1_faulty_031.jpg,train,239,262,55,49,0.00316650390625,0.4642954143583037,30,1.411020478371437,Point Overload (Potential)
T1_faulty_031.jpg,train,20,199,8,85,0.00140380859375,0.8465387035829107,174,8.916061295052332,Point Overload (Faulty)
T1_faulty_034.jpg,train,202,333,54,32,0.002474365234375,0.6251580936057459,25,2.1599670141172065,Point Overload (Potential)
T1_faulty_034.jpg,train,20,291,8,77,0.00128173828125,0.9147107337832661,26,6.136305647812638,Point Overload (Potential)
T1_faulty_034.jpg,train,378,284,172,75,0.014134521484375,0.39565777491682413,24,2.2137920309165473,Loose Joint (Potential)
T1_faulty_034.jpg,train,288,268,55,50,0.003150634765625,0.41656005189891976,24,1.4885338734141356,Point Overload (Potential)
T1_faulty_034.jpg,train,20,197,8,87,0.0014306640625,0.29917665836140117,175,10.219899117967326,Point Overload (Faulty)
T5_normal_002.png,train,323,144,17,16,0.0017892736290733788,0.10202017186436467,35,1.2213117644784934,Warm Area (Likely Normal)
T5_normal_002.png,train,150,130,8,40,0.0019144300746303249,0.34735394241013284,35,8.247940469466066,Point Overload (Potential)
T5_normal_002.png,train,175,124,6,44,0.0017707319334353128,0.5852997021463614,33,11.76798643645702,Point Overload (Potential)
T5_normal_002.png,train,269,114,38,62,0.006290270245213924,0.42103772162315556,35,1.9406057724338808,Point Overload (Potential)
T5_normal_002.png,train,226,114,27,70,0.011203819589301441,0.5009818297565944,34,1.632536857784986,Loose Joint (Potential)
T5_normal_002.png,train,384,73,34,63,0.017976173921105086,0.31334026692041156,29,10.805450529314902,Loose Joint (Potential)
T1_faulty_012.jpg,train,0,620,30,20,0.00092041015625,0.25611928520401106,33,5.312606090269747,Point Overload (Potential)
T1_faulty_012.jpg,train,220,532,116,108,0.023712158203125,0.16421025898871613,31,1.0784573063310194,Loose Joint (Potential)
T1_faulty_012.jpg,train,128,246,362,394,0.178880615234375,0.20280349414101329,28,1.0462234019214443,Loose Joint (Potential)
T1_faulty_012.jpg,train,20,199,8,167,0.00280517578125,1.2141568235599292,174,11.652008583533188,Point Overload (Faulty)
T1_faulty_012.jpg,train,403,26,213,121,0.02882080078125,0.2865836515963211,26,3.2721162415192664,Loose Joint (Potential)
T10_faulty_001.jpg,train,1308,890,9,22,2.4518054790132238e-05,0.0023147534748342723,35,2.65977186860911,Warm Area (Likely Normal)
T10_faulty_001.jpg,train,1067,887,34,32,6.897293613971456e-05,-0.00728874841194939,35,2.320089491361567,Warm Area (Likely Normal)
T10_faulty_001.jpg,train,1285,879,11,32,4.012816579838252e-05,-0.0015140594674839267,35,3.260074680166589,Full Wire Overload (Potential)
T10_faulty_001.jpg,train,1262,875,9,22,2.1633577755999033e-05,-0.00949498770157563,35,3.4574060463003446,Full Wire Overload (Potential)
T10_faulty_001.jpg,train,1240,872,8,14,1.4252710051011128e-05,-0.008731712908657834,35,1.851320947635624,Warm Area (Likely Normal)
T10_faulty_001.jpg,train,1149,870,18,27,5.5653439246805355e-05,-0.010560926516513507,35,2.0508417846462463,Warm Area (Likely Normal)
T10_faulty_001.jpg,train,2561,552,14,198,0.00042851451468843576,0.3479662880897956,19,6.275856794232133,Point Overload (Faulty)
T10_faulty_001.jpg,train,2561,151,14,356,0.000722985684849505,-0.10892953290616399,9,28.41197385750333,Full Wire Overload (Potential)
T1_faulty_043.jpg,train,200,338,41,21,0.00116943359375,0.46937116576986604,30,2.5932530444276476,Point Overload (Potential)
T1_faulty_043.jpg,train,369,307,32,32,0.00091064453125,0.23507043058629604,33,1.9674870079237072,Point Overload (Potential)
T1_faulty_043.jpg,train,20,297,8,75,0.001263427734375,1.1589625781668282,27,3.252322133483583,Point Overload (Potential)
T1_faulty_043.jpg,train,389,279,152,62,0.009471435546875,0.4014569501656684,27,1.9388322261434645,Point Overload (Potential)
T1_faulty_043.jpg,train,280,270,49,48,0.002601318359375,0.4226281451952503,31,1.2635036959639516,Point Overload (Potential)
T1_faulty_043.jpg,train,20,203,8,85,0.001241455078125,0.4395726706424618,173,12.292614942154984,Point Overload (Faulty)
T1_faulty_001.jpg,train,20,297,8,87,0.00146240234375,0.5017824764748747,26,4.705655988929444,Point Overload (Potential)
T1_faulty_001.jpg,train,20,197,8,89,0.001453857421875,0.1297808874896266,173,10.144642124991167,Full Wire Overload (Potential)
T1_faulty_001.jpg,train,50,20,577,620,0.479146728515625,0.1045162660436911,27,1.9241862283981062,Warm Area (Likely Normal)
T10_normal_003.jpg,train,2561,554,14,196,0.0004273267888508515,0.25604856877062904,19,4.710991192270085,Point Overload (Faulty)
T10_normal_003.jpg,train,2561,160,14,344,0.0006832817068502596,-0.13538305469176395,9,28.12111778795826,Full Wire Overload (Potential)
T1_faulty_019.jpg,train,311,629,23,11,0.000450439453125,0.11583629124527714,35,1.7201543500135956,Warm Area (Likely Normal)
T1_faulty_019.jpg,train,361,615,34,25,0.001412353515625,0.14598081831692464,35,1.370045095103971,Point Overload (Potential)
T1_faulty_019.jpg,train,438,316,57,160,0.017772216796875,0.4003256746358103,28,2.9039696446811445,Loose Joint (Potential)
T1_faulty_019.jpg,train,20,292,8,71,0.0011962890625,0.6663493653286212,26,1.0,Point Overload (Potential)
T1_faulty_019.jpg,train,393,210,78,95,0.008079833984375,0.07930763409443031,35,1.0684370004246655,Warm Area (Likely Normal)
T1_faulty_019.jpg,train,20,195,8,88,0.0014453125,0.34057582972833605,174,10.654590839978601,Point Overload (Faulty)
T1_faulty_019.jpg,train,0,192,401,448,0.268502197265625,0.253351837226346,29,1.206644647133848,Loose Joint (Potential)
T1_faulty_019.jpg,train,515,176,20,11,0.0003076171875,0.1118883984538117,35,2.4466297216169015,Warm Area (Likely Normal)
T6_faulty_002.jpg,train,935,1107,37,29,0.00010486065973350666,-0.19814567371890904,9,1.9608900764474393,Warm Area (Likely Normal)
T6_faulty_002.jpg,train,973,1059,21,23,5.76352778680533e-05,-0.3854067368011819,5,1.1174040127804408,Warm Area (Likely Normal)
T6_faulty_002.jpg,train,656,1051,86,75,0.0001917790596901744,0.2021307276637571,33,9.105155656990203,Point Overload (Potential)
T6_faulty_002.jpg,train,763,1022,68,27,0.0001960107247318817,0.05488717336526544,17,3.4760142013009583,Full Wire Overload (Potential)
T6_faulty_002.jpg,train,1296,836,88,25,0.0002021043223919402,0.011415740964829018,9,6.338196484099973,Full Wire Overload (Potential)
T6_faulty_002.jpg,train,1471,779,170,74,0.0008483642075614777,0.015148066850330735,35,2.3206218910760135,Warm Area (Likely Normal)
T6_faulty_002.jpg,train,1485,743,34,31,0.00011078499079189687,-0.041029944699989815,24,1.5703221926495516,Warm Area (Likely Normal)
T6_faulty_002.jpg,train,1541,740,19,15,2.750582277109739e-05,-0.018270208732177346,31,2.012812389000224,Warm Area (Likely Normal)
T6_faulty_002.jpg,train,2561,554,14,198,0.00042832913552161197,0.29786843399768564,18,5.748567423034937,Point Overload (Faulty)
T6_faulty_002.jpg,train,2561,151,14,358,0.0007247995883436247,-0.14360862189145726,9,28.543601449877592,Full Wire Overload (Potential)
T7_faulty_003.jpg,train,975,979,11,20,2.6744123063590077e-05,0.21205663814189815,27,2.337217367179914,Point Overload (Potential)
T7_faulty_003.jpg,train,1023,844,42,43,6.98224731881703e-05,0.4988673507423809,29,7.305535155753692,Point Overload (Potential)
T7_faulty_003.jpg,train,2561,554,14,198,0.00042832913552161197,0.4450832906024289,18,5.748567423034937,Point Overload (Faulty)
T7_faulty_003.jpg,train,2561,151,14,358,0.0007247995883436247,-0.0442994989734218,9,28.543601449877592,Full Wire Overload (Potential)
T11_normal_001.jpg,train,2561,554,14,198,0.00042832913552161197,0.3008364556446066,18,5.748567423034937,Point Overload (Faulty)
T11_normal_001.jpg,train,2561,151,14,358,0.0007247995883436247,-0.08263457574347381,9,28.543601449877592,Full Wire Overload (Potential)
T2_faulty_003.png.png,train,167,187,76,53,0.017778458570162175,0.25850876060490574,14,1.8113382568290064,Loose Joint (Faulty)
T2_faulty_003.png.png,train,258,182,73,55,0.02038574855295406,0.4530033653801948,13,1.3979172889392812,Loose Joint (Faulty)
T2_faulty_003.png.png,train,270,129,63,12,0.0023856703342545757,0.034341112914523596,171,8.51538875665843,Full Wire Overload (Potential)
T2_faulty_003.png.png,train,204,128,19,6,0.0005638264587787454,-0.18460031986598396,170,3.639191970741201,Full Wire Overload (Potential)
T2_faulty_003.png.png,train,75,128,81,109,0.04136139646451478,0.2591840066846653,173,2.12283047475258,Loose Joint (Faulty)
T2_faulty_003.png.png,train,459,80,45,78,0.021399332533764404,0.3197301410057548,173,4.138792416005169,Loose Joint (Faulty)
T1_faulty_045.jpg,train,161,333,52,26,0.00171875,0.5645946891908254,28,3.369772948089371,Point Overload (Potential)
T1_faulty_045.jpg,train,20,292,8,76,0.001278076171875,1.7314614326980822,28,3.975660325347255,Point Overload (Potential)
T1_faulty_045.jpg,train,343,277,162,73,0.011622314453125,0.4236889321746697,25,2.2917616173598536,Loose Joint (Potential)
T1_faulty_045.jpg,train,250,266,51,49,0.003193359375,0.3739562445549192,31,1.425420007280549,Point Overload (Potential)
T1_faulty_045.jpg,train,20,200,8,84,0.00137939453125,0.8502441841500079,173,10.094781814533247,Point Overload (Faulty)
T1_faulty_013.jpg,train,20,292,8,74,0.00124755859375,0.781146214063272,26,1.0,Point Overload (Potential)
T1_faulty_013.jpg,train,20,199,8,83,0.00136962890625,0.6664495414710525,175,8.83714523676713,Point Overload (Faulty)
T1_faulty_013.jpg,train,55,193,527,447,0.38741455078125,0.17327521064238308,28,1.4678829867662848,Loose Joint (Potential)
T1_faulty_013.jpg,train,609,0,31,80,0.002974853515625,0.3209355048199226,33,5.18727574830833,Point Overload (Potential)
T11_normal_002.jpg,train,2561,554,14,198,0.00042832913552161197,0.2854874503999833,18,5.748567423034937,Point Overload (Faulty)
T11_normal_002.jpg,train,2561,151,14,358,0.0007247995883436247,-0.14549627047685879,9,28.543601449877592,Full Wire Overload (Potential)
T5_faulty_001.png,train,127,292,35,24,0.002457826706101435,0.19690223899755283,35,1.8585725495543122,Point Overload (Potential)
T5_faulty_001.png,train,391,149,116,174,0.08360033957717165,0.5270127227209792,17,1.640110339789551,Loose Joint (Faulty)
T5_faulty_001.png,train,253,147,119,181,0.08566792638843247,0.34611824559321286,12,1.4788367753837564,Loose Joint (Faulty)
T5_faulty_001.png,train,118,144,119,176,0.06942390550261072,0.3390751450239823,25,1.446531628469883,Loose Joint (Potential)
T5_faulty_001.png,train,561,96,51,94,0.020557198670902253,0.3909446740036061,30,2.2099741042962595,Loose Joint (Potential)
T1_faulty_027.jpg,train,229,322,48,27,0.0019091796875,0.6063562034076587,27,2.3630559575801646,Point Overload (Potential)
T1_faulty_027.jpg,train,393,315,14,20,0.000350341796875,0.21719379698537894,33,2.01915135816304,Point Overload (Potential)
T1_faulty_027.jpg,train,20,292,8,77,0.001295166015625,1.2072829728840389,26,2.173841456158137,Point Overload (Potential)
T1_faulty_027.jpg,train,407,278,142,59,0.008914794921875,0.428983792251057,26,2.2919634898207435,Point Overload (Potential)
T1_faulty_027.jpg,train,309,265,50,52,0.002867431640625,0.44089719208660855,30,1.3526967795285314,Point Overload (Potential)
T1_faulty_027.jpg,train,20,199,8,85,0.00140380859375,0.8418276113235658,174,8.916061295052332,Point Overload (Faulty)
T1_faulty_023.jpg,train,0,157,337,383,0.10822021484375,0.3067899709106596,35,1.5668719199248318,Loose Joint (Potential)
T1_faulty_032.jpg,train,176,323,48,26,0.001668701171875,0.5518549618449531,29,3.127160426796652,Point Overload (Potential)
T1_faulty_032.jpg,train,20,292,8,71,0.0011962890625,1.6284175414018136,26,1.0,Point Overload (Potential)
T1_faulty_032.jpg,train,353,254,159,69,0.011810302734375,0.4785250838818922,25,2.3436932876899093,Loose Joint (Potential)
T1_faulty_032.jpg,train,259,252,55,48,0.003212890625,0.42882377968033253,27,1.279900114600315,Point Overload (Potential)
T1_faulty_032.jpg,train,20,199,8,85,0.00140380859375,0.8465387035829107,174,8.916061295052332,Point Overload (Faulty)
T1_faulty_046.jpg,train,169,345,61,33,0.002659912109375,0.5783786363855572,27,2.5277571132579215,Point Overload (Potential)
T1_faulty_046.jpg,train,20,295,8,75,0.001256103515625,1.6400978446223071,26,5.433123206080262,Point Overload (Potential)
T1_faulty_046.jpg,train,353,284,170,78,0.014986572265625,0.40135865107999946,24,2.469008406206829,Loose Joint (Potential)
T1_faulty_046.jpg,train,258,274,61,52,0.004273681640625,0.4070550914425762,27,1.3371918386979411,Point Overload (Potential)
T1_faulty_046.jpg,train,20,202,8,86,0.001346435546875,0.8891656187751863,174,15.655536230504765,Point Overload (Faulty)
T1_normal_004.jpg,train,223,299,77,40,0.004376220703125,0.5718785497310135,25,2.057640702785753,Point Overload (Potential)
T1_normal_004.jpg,train,20,292,8,74,0.00124755859375,1.5712967918295897,26,1.0,Point Overload (Potential)
T1_normal_004.jpg,train,423,285,94,38,0.005438232421875,0.5065634716923455,28,2.389971468160291,Point Overload (Potential)
T1_normal_004.jpg,train,340,246,51,48,0.002786865234375,0.46185946452788673,33,1.8496249515557999,Point Overload (Potential)
T1_normal_004.jpg,train,20,199,8,85,0.00140380859375,0.8468256327162803,174,8.916061295052332,Point Overload (Faulty)
T1_faulty_016.jpg,train,0,583,77,57,0.003873291015625,0.6765997445607494,33,4.128619965579628,Point Overload (Potential)
T1_faulty_016.jpg,train,97,520,260,120,0.0343896484375,0.19426174745478333,33,3.6714237748338787,Loose Joint (Potential)
T1_faulty_016.jpg,train,20,293,8,73,0.00122802734375,0.7823092448715805,27,3.4641018747088888,Point Overload (Potential)
T1_faulty_016.jpg,train,132,257,354,341,0.152958984375,0.18740780859041495,28,1.2512724536126558,Loose Joint (Potential)
T1_faulty_016.jpg,train,20,199,8,83,0.0013671875,0.6230339114880328,174,9.251439555940825,Point Overload (Faulty)
T1_faulty_016.jpg,train,442,100,22,28,0.001024169921875,0.21972608242242697,33,1.4883364657169995,Point Overload (Potential)
T1_faulty_016.jpg,train,475,81,149,112,0.017666015625,0.30955494483337354,28,3.153059534229183,Loose Joint (Potential)
T10_normal_002.jpg,train,2561,554,14,196,0.0004273267888508515,0.3484324265710133,19,4.710991192270085,Point Overload (Faulty)
T10_normal_002.jpg,train,2561,160,14,344,0.0006832817068502596,-0.1323078174143236,9,28.12111778795826,Full Wire Overload (Potential)
T1_faulty_037.jpg,train,20,293,8,75,0.001229248046875,0.6802102040709103,26,6.1122538051942685,Point Overload (Potential)
T1_faulty_037.jpg,train,204,279,68,31,0.002718505859375,0.5929292721209809,33,2.2238801420755383,Point Overload (Potential)
T1_faulty_037.jpg,train,368,232,183,80,0.01623291015625,0.41523016210065766,24,2.4545645256572057,Loose Joint (Potential)
T1_faulty_037.jpg,train,287,217,49,49,0.002843017578125,0.4348389331059535,26,1.4477301319427116,Point Overload (Potential)
T1_faulty_037.jpg,train,20,196,8,90,0.001466064453125,0.19228549277458087,174,8.354276066058091,Full Wire Overload (Potential)
T2_normal_001.png,train,448,82,45,78,0.0223394185260311,0.5846197214471522,28,6.810522499141254,Loose Joint (Potential)
T1_faulty_010.jpg,train,81,619,30,21,0.001322021484375,0.8805316853103312,28,2.3895916902628307,Point Overload (Potential)
T1_faulty_010.jpg,train,26,619,37,21,0.001463623046875,0.8414985654024787,33,1.6945759171375998,Point Overload (Potential)
T1_faulty_010.jpg,train,461,608,15,16,0.000416259765625,0.12581554383732055,35,1.1018596338026871,Point Overload (Potential)
T1_faulty_010.jpg,train,505,604,113,36,0.006839599609375,0.24461687388505474,33,3.1111441922428673,Point Overload (Potential)
T1_faulty_010.jpg,train,337,603,71,37,0.004298095703125,0.12853468549553732,33,2.784833467406463,Point Overload (Potential)
T1_faulty_010.jpg,train,131,586,72,54,0.007191162109375,0.2563840611360895,34,1.0495024984032058,Point Overload (Potential)
T1_faulty_010.jpg,train,137,327,79,220,0.032281494140625,0.2762914215066689,28,2.9354322008691938,Loose Joint (Potential)
T1_faulty_010.jpg,train,224,294,51,148,0.0089306640625,0.06759017483057245,33,2.9972991337594768,Warm Area (Likely Normal)
T1_faulty_010.jpg,train,20,289,8,74,0.0012353515625,0.8948691917633773,26,5.194586298690716,Point Overload (Potential)
T1_faulty_010.jpg,train,296,262,142,329,0.06058837890625,0.17800815788978214,29,2.177587386766361,Loose Joint (Potential)
T1_faulty_010.jpg,train,20,199,8,83,0.00136962890625,0.7119982378749559,174,8.83714523676713,Point Overload (Faulty)
T1_faulty_010.jpg,train,416,86,131,90,0.011962890625,0.24900020902260867,30,2.982973183028352,Loose Joint (Potential)
T2_faulty_001.png,train,258,133,75,78,0.02984640522875817,0.6509553588680635,24,1.0573063162175378,Loose Joint (Potential)
T2_faulty_001.png,train,167,133,77,80,0.03135947712418301,0.6802144716813711,23,1.181627113799838,Loose Joint (Potential)
T2_faulty_001.png,train,80,132,73,66,0.020418300653594772,0.545644169125927,32,1.471515704253531,Loose Joint (Potential)
T2_faulty_001.png,train,461,80,49,79,0.022591503267973857,0.4096486105573912,173,3.658458714869096,Loose Joint (Faulty)
T6_normal_002.jpg,train,2561,554,14,196,0.0004273267888508515,0.34491299002841674,19,4.710991192270085,Point Overload (Faulty)
T6_normal_002.jpg,train,2561,160,14,344,0.0006832817068502596,-0.14660478002042704,9,28.12111778795826,Full Wire Overload (Potential)
T1_faulty_029.jpg,train,200,337,40,22,0.001231689453125,0.4806979917118881,30,2.8232567453795228,Point Overload (Potential)
T1_faulty_029.jpg,train,496,325,21,8,0.000283203125,0.06471305136320026,33,1.7858832614419415,Warm Area (Likely Normal)
T1_faulty_029.jpg,train,20,293,8,76,0.001280517578125,1.1421641485509222,28,3.2742085938466015,Point Overload (Potential)
T1_faulty_029.jpg,train,370,280,171,64,0.0090966796875,0.3483963972021453,26,2.123395599883514,Point Overload (Potential)
T1_faulty_029.jpg,train,281,269,48,48,0.00252197265625,0.3912843143948575,30,1.2258524970760414,Point Overload (Potential)
T1_faulty_029.jpg,train,20,196,8,88,0.001439208984375,0.452812202330348,173,7.26013681512236,Point Overload (Faulty)
T1_faulty_041.jpg,train,0,621,29,19,0.00089111328125,0.2115649817751422,33,3.5194331214448975,Point Overload (Potential)
T1_faulty_041.jpg,train,221,532,115,108,0.0236279296875,0.14261674849416087,32,1.0578733304099908,Loose Joint (Potential)
T1_faulty_041.jpg,train,20,288,8,75,0.0012646484375,1.1489763962738861,28,1.0,Point Overload (Potential)
T1_faulty_041.jpg,train,128,245,362,395,0.17912353515625,0.16265734778474436,26,1.041551026525876,Loose Joint (Potential)
T1_faulty_041.jpg,train,20,204,8,77,0.0012451171875,0.6060122033915065,173,12.119584518990761,Point Overload (Faulty)
T1_faulty_041.jpg,train,404,27,211,120,0.02874755859375,0.24779668062456314,27,3.138479035879148,Loose Joint (Potential)
T1_faulty_006.jpg,train,0,621,127,19,0.00444580078125,0.36965425749453934,31,7.316692761810585,Point Overload (Potential)
T1_faulty_006.jpg,train,72,506,29,69,0.002052001953125,0.1932647372782725,35,3.129490390294405,Point Overload (Potential)
T1_faulty_006.jpg,train,20,304,8,81,0.0013623046875,0.3625892129737341,25,2.8980996127905554,Point Overload (Potential)
T1_faulty_006.jpg,train,20,194,8,100,0.001636962890625,0.01974822468892821,173,11.63382909407464,Full Wire Overload (Potential)
T1_faulty_006.jpg,train,110,100,530,540,0.357899169921875,0.16337994397317834,33,1.4219144620582447,Loose Joint (Potential)
T9_normal_002.jpg,train,2561,554,14,198,0.00042832913552161197,0.4450832906024289,18,5.748567423034937,Point Overload (Faulty)
T9_normal_002.jpg,train,2561,151,14,358,0.0007247995883436247,-0.0442994989734218,9,28.543601449877592,Full Wire Overload (Potential)
T10_normal_001.jpg,train,2561,554,14,196,0.0004273267888508515,0.3484324265710133,19,4.710991192270085,Point Overload (Faulty)
T10_normal_001.jpg,train,2561,160,14,344,0.0006832817068502596,-0.1123605409414702,9,28.12111778795826,Full Wire Overload (Potential)
T1_faulty_040.jpg,train,560,469,28,13,0.0005078125,0.3646983040495185,34,3.1642682305234966,Point Overload (Potential)
T1_faulty_040.jpg,train,172,343,81,50,0.0052734375,0.39618938177346835,26,1.777803889826004,Point Overload (Potential)
T1_faulty_040.jpg,train,343,297,190,95,0.02047119140625,0.2923658543545217,28,2.1965357011794495,Loose Joint (Potential)
T1_faulty_040.jpg,train,20,294,8,76,0.001260986328125,1.291753527716193,28,1.8440664226427168,Point Overload (Potential)
T1_faulty_040.jpg,train,259,273,61,69,0.005050048828125,0.2846974465731639,25,1.6335245881875429,Point Overload (Potential)
T1_faulty_040.jpg,train,336,264,15,23,0.000426025390625,0.32111470814788423,33,2.552269200258108,Point Overload (Potential)
T1_faulty_040.jpg,train,20,198,8,85,0.0013916015625,0.7805582735333724,173,10.931555211624179,Point Overload (Faulty)
T1_faulty_036.jpg,train,161,322,75,33,0.0030322265625,0.5415985616501958,27,2.406360220334176,Point Overload (Potential)
T1_faulty_036.jpg,train,20,293,8,73,0.00123046875,1.5156752498252664,28,1.0,Point Overload (Potential)
T1_faulty_036.jpg,train,345,264,166,79,0.013338623046875,0.42846886647411175,24,1.9034653394576293,Loose Joint (Potential)
T1_faulty_036.jpg,train,250,251,62,53,0.00406982421875,0.4087999596286914,28,1.4323233268016533,Point Overload (Potential)
T1_faulty_036.jpg,train,20,199,8,85,0.00140380859375,0.8464763394816106,174,8.916061295052332,Point Overload (Faulty)
T1_faulty_017.jpg,train,142,631,32,9,0.000465087890625,0.06816017980800503,35,3.128710279921203,Full Wire Overload (Potential)
T1_faulty_017.jpg,train,415,522,34,29,0.001539306640625,0.08224477285153327,35,1.3247897149219647,Warm Area (Likely Normal)
T1_faulty_017.jpg,train,476,506,164,134,0.032352294921875,0.18578819177019607,33,2.193584297628085,Loose Joint (Potential)
T1_faulty_017.jpg,train,560,350,61,44,0.00460205078125,0.29017109742687536,35,1.2348134226686722,Point Overload (Potential)
T1_faulty_017.jpg,train,20,291,8,76,0.001273193359375,0.46053028604746504,26,2.0752788738231787,Point Overload (Potential)
T1_faulty_017.jpg,train,30,206,419,397,0.190869140625,0.2290064740068731,28,1.2821188213505912,Loose Joint (Potential)
T1_faulty_017.jpg,train,20,197,8,84,0.00136962890625,0.0444848744443235,174,11.672818571578173,Full Wire Overload (Potential)
T3_faulty_001.png,train,38,77,46,93,0.08542269366763099,0.11451530136803317,2,2.577211271369354,Warm Area (Likely Normal)
T3_faulty_001.png,train,212,50,19,46,0.01797768287642926,0.1834710672288845,29,9.5598867847737,Loose Joint (Potential)
T1_faulty_035.jpg,train,169,344,62,33,0.002725830078125,0.5782146301955989,28,3.0685348210737753,Point Overload (Potential)
T1_faulty_035.jpg,train,20,292,8,77,0.001298828125,1.6215800395112803,26,1.0,Point Overload (Potential)
T1_faulty_035.jpg,train,353,286,170,77,0.014554443359375,0.3995187234459163,23,2.329893446681684,Loose Joint (Potential)
T1_faulty_035.jpg,train,257,273,62,53,0.004295654296875,0.4141296866945577,27,1.3683144866626669,Point Overload (Potential)
T1_faulty_035.jpg,train,20,199,8,85,0.00140380859375,0.8465012846166227,174,8.916061295052332,Point Overload (Faulty)
T1_faulty_008.jpg,train,264,464,28,88,0.004329833984375,0.3466728110776406,33,3.293428011727974,Point Overload (Potential)
T1_faulty_008.jpg,train,331,460,74,162,0.014156494140625,0.22669787987315368,33,2.6880475740603664,Loose Joint (Potential)
T1_faulty_008.jpg,train,439,417,201,223,0.082244873046875,0.34142114070613816,28,1.1389151637507713,Loose Joint (Potential)
T1_faulty_008.jpg,train,426,382,10,14,0.000244140625,0.46391372779577433,34,1.464241174959611,Point Overload (Potential)
T1_faulty_008.jpg,train,20,291,8,76,0.001239013671875,0.7851146921595661,27,6.453234067653061,Point Overload (Potential)
T1_faulty_008.jpg,train,406,269,12,17,0.00027587890625,0.11608865300663378,35,3.6690667569575606,Full Wire Overload (Potential)
T1_faulty_008.jpg,train,252,247,183,81,0.015234375,0.13696048151895193,33,3.6358866468337383,Loose Joint (Potential)
T1_faulty_008.jpg,train,20,199,8,83,0.00136474609375,0.6385145854123563,173,9.644762172578204,Point Overload (Faulty)
T1_faulty_044.jpg,train,158,345,46,24,0.00147216796875,0.5262991253164584,30,2.366052140852083,Point Overload (Potential)
T1_faulty_044.jpg,train,330,325,16,21,0.000633544921875,0.25419517968146327,30,2.379901256402,Point Overload (Potential)
T1_faulty_044.jpg,train,20,292,8,79,0.0013232421875,1.7995719039053637,27,3.6052209306876444,Point Overload (Potential)
T1_faulty_044.jpg,train,347,283,155,68,0.010809326171875,0.4495368613474611,25,1.9951819584418822,Loose Joint (Potential)
T1_faulty_044.jpg,train,241,277,50,48,0.002916259765625,0.44447676220042603,30,1.4403807621365228,Point Overload (Potential)
T1_faulty_044.jpg,train,20,200,8,84,0.00137939453125,0.8502441841500079,173,10.094781814533247,Point Overload (Faulty)
T7_faulty_002.jpg,train,1955,1299,69,49,0.00015123970859061856,0.11547074353728869,18,5.874970017087766,Full Wire Overload (Potential)
T7_faulty_002.jpg,train,1910,1258,38,34,5.1287780305492365e-05,-0.06955836404231784,14,10.331271827910738,Full Wire Overload (Potential)
T7_faulty_002.jpg,train,1894,1244,13,11,1.5318627450980392e-05,0.08298253596445104,13,1.80053021636345,Warm Area (Likely Normal)
T7_faulty_002.jpg,train,1617,940,256,281,0.000697124498970859,0.099282502143678,26,15.602606541191719,Full Wire Overload (Potential)
T7_faulty_002.jpg,train,2561,554,14,198,0.00042832913552161197,0.4450832906024289,18,5.748567423034937,Point Overload (Faulty)
T7_faulty_002.jpg,train,2561,151,14,358,0.0007247995883436247,-0.0442994989734218,9,28.543601449877592,Full Wire Overload (Potential)
T1_normal_001.jpg,train,20,292,8,76,0.00128173828125,0.8367145977882973,27,1.0,Point Overload (Potential)
T1_normal_001.jpg,train,20,196,8,88,0.001446533203125,0.2493311527684446,173,9.50055322158275,Full Wire Overload (Potential)
T1_normal_001.jpg,train,176,137,64,35,0.0031494140625,0.5608937351497599,25,2.042734172564478,Point Overload (Potential)
T1_normal_001.jpg,train,363,104,115,53,0.0072412109375,0.5123321109777492,28,2.445908828656543,Point Overload (Potential)
T1_normal_001.jpg,train,283,92,36,35,0.0021044921875,0.37070198408591415,29,1.2323921247669714,Point Overload (Potential)
T1_faulty_028.jpg,train,72,338,52,19,0.001275634765625,0.5787980550515697,31,3.8201781771628425,Point Overload (Potential)
T1_faulty_028.jpg,train,334,306,187,39,0.008583984375,0.4393328270210265,29,5.251874239735895,Point Overload (Potential)
T1_faulty_028.jpg,train,190,288,69,37,0.0028466796875,0.4668949436830434,31,2.0346541317949733,Point Overload (Potential)
T1_faulty_028.jpg,train,26,271,12,91,0.002354736328125,1.590046893540198,26,1.2323628468778927,Point Overload (Potential)
T1_faulty_028.jpg,train,27,160,10,103,0.002181396484375,0.38680404229033233,173,8.115175941268333,Point Overload (Faulty)
T1_faulty_020.jpg,train,337,576,55,64,0.004835205078125,0.09582980538172169,35,1.171230594535162,Warm Area (Likely Normal)
T1_faulty_020.jpg,train,20,292,8,71,0.0011962890625,0.7254293068378642,26,1.0,Point Overload (Potential)
T1_faulty_020.jpg,train,121,206,443,259,0.133843994140625,0.24554945666931344,28,2.208471971908473,Loose Joint (Potential)
T1_faulty_020.jpg,train,20,197,8,86,0.001416015625,0.24425118372905075,173,9.768030122954894,Full Wire Overload (Potential)
T13_normal_001.jpg,train,2561,554,14,198,0.00042832913552161197,0.4450832906024289,18,5.748567423034937,Point Overload (Faulty)
T13_normal_001.jpg,train,2561,151,14,358,0.0007247995883436247,-0.0442994989734218,9,28.543601449877592,Full Wire Overload (Potential)
T4_normal_001.png,train,386,81,36,74,0.020029423114026626,0.20458382292761945,25,4.441863836485406,Loose Joint (Potential)
T1_faulty_026.jpg,train,214,501,14,18,0.00042236328125,0.44952584489230857,33,1.4644330878876601,Point Overload (Potential)
T1_faulty_026.jpg,train,200,321,76,43,0.004173583984375,0.5537668145462317,26,1.8321500757751699,Point Overload (Potential)
T1_faulty_026.jpg,train,20,296,8,72,0.001175537109375,0.8728279504123645,25,8.59783858916733,Point Overload (Potential)
T1_faulty_026.jpg,train,376,284,142,62,0.00931396484375,0.38989752818577694,26,2.208411938278456,Point Overload (Potential)
T1_faulty_026.jpg,train,309,272,34,46,0.0024462890625,0.28937523808941834,26,1.5523667646368455,Point Overload (Potential)
T1_faulty_026.jpg,train,288,267,12,13,0.00027587890625,0.5206562981476772,28,1.486466337421605,Point Overload (Potential)
T1_faulty_026.jpg,train,20,193,8,91,0.00145751953125,0.5880372474446771,173,9.237906702344604,Point Overload (Faulty)
T9_faulty_001.jpg,train,2062,1025,18,25,3.4361120138663203e-05,-0.0031130353728190635,35,1.8181642964689264,Warm Area (Likely Normal)
T9_faulty_001.jpg,train,1239,837,31,27,9.876706207344816e-05,-0.014557801320057111,35,1.3916524234830805,Warm Area (Likely Normal)
T9_faulty_001.jpg,train,1938,820,95,59,0.0004940892102697432,-0.013822015605127413,35,1.6463917156919012,Warm Area (Likely Normal)
T9_faulty_001.jpg,train,1304,817,46,40,0.00022867917885386197,-0.016698731765989114,35,1.299001546099536,Warm Area (Likely Normal)
T9_faulty_001.jpg,train,1372,798,52,50,0.00032279140938143214,-0.01516767146500504,35,1.2514762873880119,Warm Area (Likely Normal)
T9_faulty_001.jpg,train,1446,768,114,61,0.0007403721156971076,-0.0166439977442366,35,3.136502116746107,Full Wire Overload (Potential)
T9_faulty_001.jpg,train,1217,699,40,27,6.98224731881703e-05,-0.28404556330634145,9,1.1094906886303602,Warm Area (Likely Normal)
T9_faulty_001.jpg,train,1237,559,60,93,0.00018424669591593544,-0.22680885505478376,7,1.6717131242991268,Warm Area (Likely Normal)
T9_faulty_001.jpg,train,1038,556,195,141,0.0009872474542303108,-0.2687774400114413,6,1.2562124166655662,Warm Area (Likely Normal)
T9_faulty_001.jpg,train,2561,554,14,198,0.00042832913552161197,0.33917827376241794,18,5.748567423034937,Point Overload (Faulty)
T9_faulty_001.jpg,train,1480,491,107,172,0.0013787611038890695,-0.19947697613770812,5,2.2349734093247533,Warm Area (Likely Normal)
T9_faulty_001.jpg,train,2561,151,14,358,0.0007247995883436247,-0.060188135224902156,9,28.543601449877592,Full Wire Overload (Potential)
T10_faulty_003.jpg,train,1121,1446,21,34,8.543142274623932e-05,-0.010755098208299894,35,1.9367649769548874,Warm Area (Likely Normal)
T10_faulty_003.jpg,train,1350,1441,10,15,1.5270760768940494e-05,-0.009362227518782185,35,2.176635183105409,Warm Area (Likely Normal)
T10_faulty_003.jpg,train,1255,1436,12,18,2.4348379670477344e-05,-0.008360364470588745,35,1.6507597969902092,Warm Area (Likely Normal)
T10_faulty_003.jpg,train,1314,1432,22,33,6.193141867403645e-05,-0.01155402023588739,35,2.2085146401927154,Warm Area (Likely Normal)
T10_faulty_003.jpg,train,1282,1429,19,28,6.082853039627964e-05,-0.010534528339953435,35,1.952766552413484,Warm Area (Likely Normal)
T10_faulty_003.jpg,train,1177,1378,14,17,2.816606986271247e-05,0.017722021680085638,33,1.3509729452322794,Warm Area (Likely Normal)
T10_faulty_003.jpg,train,2561,552,14,198,0.00042851451468843576,0.23602880465328216,19,6.275856794232133,Full Wire Overload (Potential)
T10_faulty_003.jpg,train,2561,151,14,356,0.000722985684849505,-0.23085268026666317,9,28.41197385750333,Full Wire Overload (Potential)
T1_faulty_014.jpg,train,38,266,473,374,0.27397216796875,0.22735571566897075,33,1.5354235188044643,Loose Joint (Potential)
T1_faulty_014.jpg,train,20,199,8,165,0.00277099609375,1.1892996174266657,174,11.593655176478297,Point Overload (Faulty)
T1_faulty_014.jpg,train,496,63,39,33,0.00226806640625,0.12747362639968374,32,1.205416001536746,Point Overload (Potential)
T1_faulty_014.jpg,train,544,47,96,135,0.0129736328125,0.1364877340004542,31,2.2525049675038256,Loose Joint (Potential)
T1_faulty_025.jpg,train,217,311,77,33,0.0037548828125,0.5706296664345866,25,2.4236493082057686,Point Overload (Potential)
T1_faulty_025.jpg,train,400,272,160,63,0.0124755859375,0.40559358631432935,25,2.6968737556686855,Loose Joint (Potential)
T1_faulty_025.jpg,train,306,246,61,52,0.004339599609375,0.4185566802774315,22,1.3708239591926266,Point Overload (Potential)
T1_faulty_025.jpg,train,20,195,8,170,0.002811279296875,0.6422729882220586,174,13.344137436279917,Point Overload (Faulty)
T1_faulty_004.jpg,train,523,536,20,23,0.000728759765625,0.14899772218910917,35,1.427118381156133,Point Overload (Potential)
T1_faulty_004.jpg,train,570,524,15,15,0.000364990234375,0.09278671428644014,35,1.0913573772964316,Warm Area (Likely Normal)
T1_faulty_004.jpg,train,20,298,8,88,0.00148193359375,0.40236134322159944,26,3.5288226687672677,Point Overload (Potential)
T1_faulty_004.jpg,train,20,196,8,92,0.001502685546875,0.01647727103761109,174,11.409684896926409,Full Wire Overload (Potential)
T1_faulty_004.jpg,train,116,128,524,417,0.3521337890625,0.14833030123932275,175,1.5280137424635387,Warm Area (Likely Normal)
T1_faulty_004.jpg,train,288,31,16,10,0.000235595703125,0.12693487518120772,35,2.35523051462208,Point Overload (Potential)
T1_faulty_004.jpg,train,129,0,122,77,0.013736572265625,0.3582052241437007,32,1.6236022595764568,Loose Joint (Potential)
T1_faulty_018.jpg,train,526,619,22,14,0.000447998046875,0.09418369381283224,35,3.2587061211650514,Full Wire Overload (Potential)
T1_faulty_018.jpg,train,343,608,43,32,0.00241455078125,0.11403034580155397,34,1.4730514842862812,Warm Area (Likely Normal)
T1_faulty_018.jpg,train,401,596,30,44,0.002335205078125,0.11565183807503632,35,1.8592914296948293,Warm Area (Likely Normal)
T1_faulty_018.jpg,train,474,313,60,144,0.016043701171875,0.3920421965333549,29,2.500730046278869,Loose Joint (Potential)
T1_faulty_018.jpg,train,472,300,31,49,0.00224365234375,0.36731489076624024,24,1.7615176958750838,Point Overload (Potential)
T1_faulty_018.jpg,train,20,292,8,74,0.00124267578125,0.4468829683752536,26,3.981574125640785,Point Overload (Potential)
T1_faulty_018.jpg,train,425,226,83,61,0.006466064453125,0.050405724619018814,175,1.930152612475557,Warm Area (Likely Normal)
T1_faulty_018.jpg,train,20,196,8,86,0.001390380859375,0.15199140461988248,175,10.888069420176887,Full Wire Overload (Potential)
T1_faulty_018.jpg,train,488,195,9,12,0.000196533203125,0.13956393021017696,34,1.231226492610502,Point Overload (Potential)
T1_faulty_018.jpg,train,0,185,437,455,0.2737158203125,0.29463862061310686,29,1.1840431857099483,Loose Joint (Potential)
T1_faulty_039.jpg,train,184,343,79,50,0.005372314453125,0.47466151880431534,26,1.605181962892469,Point Overload (Potential)
T1_faulty_039.jpg,train,357,297,186,95,0.020008544921875,0.35503091976680246,28,2.0376572311838497,Loose Joint (Potential)
T1_faulty_039.jpg,train,20,293,8,75,0.00125732421875,1.1984171103915537,28,1.7572438766086143,Point Overload (Potential)
T1_faulty_039.jpg,train,272,273,59,64,0.004661865234375,0.3173061882951786,26,1.4320793856383793,Point Overload (Potential)
T1_faulty_039.jpg,train,359,264,8,18,0.000269775390625,0.36025806330974375,29,2.2757870767013864,Point Overload (Potential)
T1_faulty_039.jpg,train,20,196,8,87,0.00142822265625,0.5040849119096967,173,8.389438781874187,Point Overload (Faulty)
T1_faulty_009.jpg,train,231,348,12,48,0.00089111328125,0.3855880218532815,35,4.952419951114712,Point Overload (Potential)
T1_faulty_009.jpg,train,282,330,62,121,0.007235107421875,0.2816314544204783,35,2.414102107355264,Point Overload (Potential)
T1_faulty_009.jpg,train,20,292,8,73,0.0012255859375,0.6061822872395496,25,3.2110071380623495,Point Overload (Potential)
T1_faulty_009.jpg,train,380,281,204,211,0.062803955078125,0.2637352165690272,33,1.132463103320045,Loose Joint (Potential)
T1_faulty_009.jpg,train,20,193,8,90,0.001448974609375,0.23188742680459284,173,11.81381901178664,Full Wire Overload (Potential)
T7_normal_002.jpg,train,2561,554,14,198,0.00042832913552161197,0.4450832906024289,18,5.748567423034937,Point Overload (Faulty)
T7_normal_002.jpg,train,2561,151,14,358,0.0007247995883436247,-0.0442994989734218,9,28.543601449877592,Full Wire Overload (Potential)
T1_faulty_007.jpg,train,560,523,31,37,0.0018408203125,0.3356320265978624,32,1.3936211684802045,Point Overload (Potential)
T1_faulty_007.jpg,train,188,356,26,61,0.0028955078125,0.4231213940786129,33,2.6631628470715976,Point Overload (Potential)
T1_faulty_007.jpg,train,258,352,69,93,0.007291259765625,0.2977861540691421,35,1.6096381197640612,Point Overload (Potential)
T1_faulty_007.jpg,train,362,314,185,198,0.0549560546875,0.2962657355447688,35,1.0502514508630223,Loose Joint (Potential)
T1_faulty_007.jpg,train,20,292,8,75,0.0012646484375,0.5025193788289388,25,1.0,Point Overload (Potential)
T1_faulty_007.jpg,train,20,193,8,88,0.001412353515625,0.10854586690435383,176,11.117832616008721,Full Wire Overload (Potential)
T8_faulty_001.jpg,train,1151,961,73,69,0.00045101086014516306,-0.08247200733508417,13,1.2014865125356875,Warm Area (Likely Normal)
T8_faulty_001.jpg,train,1188,895,58,56,0.00020142725598526704,-0.07903873740688488,7,1.5449664607471432,Warm Area (Likely Normal)
T8_faulty_001.jpg,train,1238,870,28,20,3.7746452172029035e-05,0.011434105491772645,10,1.3660820625193648,Warm Area (Likely Normal)
T8_faulty_001.jpg,train,1191,808,28,77,0.00022182388148629618,-0.035001083753208595,12,3.1195298184378246,Full Wire Overload (Potential)
T8_faulty_001.jpg,train,2561,554,14,198,0.00042832913552161197,0.28778640649316994,18,5.748567423034937,Point Overload (Faulty)
T8_faulty_001.jpg,train,2561,151,14,358,0.0007247995883436247,-0.1434657741484911,9,28.543601449877592,Full Wire Overload (Potential)
T9_normal_001.jpg,train,2561,554,14,198,0.00042832913552161197,0.4450832906024289,18,5.748567423034937,Point Overload (Faulty)
T9_normal_001.jpg,train,2561,151,14,358,0.0007247995883436247,-0.0442994989734218,9,28.543601449877592,Full Wire Overload (Potential)
T12_normal_003.jpg,train,2561,554,14,198,0.00042832913552161197,0.4126750814301497,18,5.748567423034937,Point Overload (Faulty)
T12_normal_003.jpg,train,2561,151,14,358,0.0007247995883436247,-0.053535074391479906,9,28.543601449877592,Full Wire Overload (Potential)
T2_faulty_002.png.png,train,254,134,76,101,0.042443166472335855,0.34420869078463595,2,1.5463000685916715,Loose Joint (Faulty)
T2_faulty_002.png.png,train,73,134,79,100,0.041748186794727374,0.42608189767782595,12,1.425684034996686,Loose Joint (Faulty)
T2_faulty_002.png.png,train,162,133,77,106,0.039152717666976276,0.32198117097700857,170,1.8447885345549384,Loose Joint (Faulty)
T2_faulty_002.png.png,train,456,84,45,78,0.02177163824166848,0.48438451778665953,173,2.882007076380795,Loose Joint (Faulty)
T11_faulty_001.jpg,train,1367,912,41,54,0.00017265193370165745,-0.033187599323942614,6,2.064433532355217,Warm Area (Likely Normal)
T11_faulty_001.jpg,train,1452,902,46,35,6.432130863395082e-05,-0.03480309432620998,6,2.9734370899744698,Warm Area (Likely Normal)
T11_faulty_001.jpg,train,2561,554,14,198,0.00042832913552161197,0.42989095574060515,18,5.748567423034937,Point Overload (Faulty)
T11_faulty_001.jpg,train,2561,151,14,358,0.0007247995883436247,-0.07084826452477802,9,28.543601449877592,Full Wire Overload (Potential)
T8_normal_002.jpg,train,2561,554,14,198,0.00042832913552161197,0.4450832906024289,18,5.748567423034937,Point Overload (Faulty)
T8_normal_002.jpg,train,2561,151,14,358,0.0007247995883436247,-0.0442994989734218,9,28.543601449877592,Full Wire Overload (Potential)
T1_faulty_047.jpg,train,72,338,51,18,0.001248779296875,0.5801732890895765,32,4.167516743037308,Point Overload (Potential)
T1_faulty_047.jpg,train,458,311,59,29,0.003062744140625,0.5306823976017988,26,2.1071277550505556,Point Overload (Potential)
T1_faulty_047.jpg,train,332,306,119,38,0.0055859375,0.3425773049985343,29,3.0313861238103907,Point Overload (Potential)
T1_faulty_047.jpg,train,191,288,67,37,0.002821044921875,0.4538271300166083,30,1.95426852162186,Point Overload (Potential)
T1_faulty_047.jpg,train,26,161,12,200,0.004630126953125,1.0461708429116352,173,22.687137324729573,Point Overload (Faulty)
T1_normal_003.jpg,train,193,268,71,36,0.003580322265625,0.6094966958692458,25,1.8736029333727158,Point Overload (Potential)
T1_normal_003.jpg,train,385,235,118,51,0.008062744140625,0.523010931784508,26,2.706458315427081,Point Overload (Potential)
T1_normal_003.jpg,train,306,219,34,41,0.00211181640625,0.43294500295169164,24,1.4895517947214965,Point Overload (Potential)
T1_normal_003.jpg,train,20,198,8,169,0.002822265625,0.7640463069601628,174,10.690118837476508,Point Overload (Faulty)
T4_faulty_002.png,train,107,98,71,24,0.0045943352227882615,0.36079073177258786,26,2.4882742597544154,Point Overload (Potential)
T4_faulty_002.png,train,563,97,53,94,0.02009264906364354,0.3400093565911704,30,2.1907910385528675,Loose Joint (Potential)
T4_faulty_002.png,train,117,97,393,244,0.377964231900696,0.005760258748866363,6,1.8315855924730797,Warm Area (Likely Normal)
T9_normal_003.jpg,train,2561,554,14,198,0.00042832913552161197,0.4450832906024289,18,5.748567423034937,Point Overload (Faulty)
T9_normal_003.jpg,train,2561,151,14,358,0.0007247995883436247,-0.0442994989734218,9,28.543601449877592,Full Wire Overload (Potential)
T12_normal_002.jpg,val,2561,554,14,198,0.00042832913552161197,0.4450832906024289,18,5.748567423034937,Point Overload (Faulty)
T12_normal_002.jpg,val,2561,151,14,358,0.0007247995883436247,-0.0442994989734218,9,28.543601449877592,Full Wire Overload (Potential)
T1_faulty_042.jpg,val,20,292,8,68,0.00114501953125,1.463150460304594,27,1.0,Point Overload (Potential)
T1_faulty_042.jpg,val,39,267,472,373,0.265264892578125,0.1983263157849472,27,1.5414539157822518,Loose Joint (Potential)
T1_faulty_042.jpg,val,20,196,8,85,0.0013134765625,0.6841172259524816,174,13.496741875065817,Point Overload (Faulty)
T1_faulty_042.jpg,val,496,63,38,32,0.002042236328125,0.1439665076765727,32,1.1455517041994288,Point Overload (Potential)
T1_faulty_042.jpg,val,545,48,95,133,0.01196533203125,0.1486984072256456,32,2.1608803784320805,Loose Joint (Potential)
T3_faulty_003.png,val,169,53,10,19,0.0031797989244797755,0.23933764876412042,32,2.1224791190945043,Point Overload (Potential)
T3_faulty_003.png,val,32,52,121,123,0.1540098199672668,0.13090191910920732,8,2.0372074125254493,Warm Area (Likely Normal)
T3_faulty_003.png,val,211,50,19,45,0.01789805938742109,0.19651175680165836,17,35.46376061198086,Full Wire Overload (Potential)
T10_faulty_002.jpg,val,1246,1237,11,15,1.8240075362901146e-05,-0.008803048175756403,35,1.9160145137322364,Warm Area (Likely Normal)
T10_faulty_002.jpg,val,2561,552,14,198,0.00042851451468843576,0.34805916233756934,19,6.275856794232133,Point Overload (Faulty)
T10_faulty_002.jpg,val,2561,151,14,356,0.000722985684849505,-0.10892953290616399,9,28.41197385750333,Full Wire Overload (Potential)
T4_normal_002.png,val,172,165,15,80,0.0038653030539440277,0.27656416303475484,31,7.003936162984863,Point Overload (Potential)
T4_normal_002.png,val,199,162,88,84,0.02718714686260325,0.37495782005107153,32,1.5376658325377823,Loose Joint (Potential)
T4_normal_002.png,val,301,160,81,90,0.02708076237488002,0.36038951702726996,33,1.3296758957750017,Loose Joint (Potential)
T4_normal_002.png,val,147,132,27,26,0.0022529870400052956,0.1645684348332903,34,1.1181572393786363,Point Overload (Potential)
T4_normal_002.png,val,106,130,31,17,0.0014917469278524045,0.27230052604262395,33,2.126734167031128,Point Overload (Potential)
T4_normal_002.png,val,508,100,53,100,0.022735547076317867,0.15515559039799764,26,3.6541307041463256,Loose Joint (Potential)
T3_faulty_002.png,val,75,148,185,189,0.12684598142811399,0.18454752620317272,20,1.3097331231249336,Warm Area (Likely Normal)
T3_faulty_002.png,val,69,100,90,74,0.02665385846942043,0.36285233266445555,31,1.2988071195797073,Loose Joint (Potential)
T3_faulty_002.png,val,410,94,40,90,0.020281780339417226,0.4399320210542887,31,4.0766990476392255,Loose Joint (Potential)
T1_normal_006.jpg,val,20,296,8,73,0.001192626953125,1.1040982541038755,27,7.903304482466296,Point Overload (Potential)
T1_normal_006.jpg,val,193,268,69,36,0.00343017578125,0.7200809459776427,25,2.0085941036108683,Point Overload (Potential)
T1_normal_006.jpg,val,386,235,117,49,0.007774658203125,0.6119893161881305,26,2.7960507110877635,Point Overload (Potential)
T1_normal_006.jpg,val,305,219,34,42,0.00212158203125,0.515541281108918,23,1.564491639368563,Point Overload (Potential)
T1_normal_006.jpg,val,20,196,8,88,0.001424560546875,0.65357897024552,174,9.663435548758475,Point Overload (Faulty)
T1_faulty_033.jpg,val,250,321,50,27,0.00184326171875,0.6769169958323137,28,2.5355245990062163,Point Overload (Potential)
T1_faulty_033.jpg,val,20,293,8,76,0.00127685546875,1.3146758271013714,28,2.807927488263054,Point Overload (Potential)
T1_faulty_033.jpg,val,421,256,181,66,0.0130078125,0.4084032789263424,26,2.712167706428559,Loose Joint (Potential)
T1_faulty_033.jpg,val,330,253,53,47,0.003115234375,0.49663179844871974,31,1.4102438002856084,Point Overload (Potential)
T1_faulty_033.jpg,val,20,199,8,84,0.00138671875,0.8375287746700585,173,8.876706897237144,Point Overload (Faulty)
T7_normal_003.jpg,val,2561,554,14,198,0.00042832913552161197,0.4450832906024289,18,5.748567423034937,Point Overload (Faulty)
T7_normal_003.jpg,val,2561,151,14,358,0.0007247995883436247,-0.0442994989734218,9,28.543601449877592,Full Wire Overload (Potential)
T4_faulty_001.png,val,83,120,307,241,0.29187673483260634,0.1549519929797783,23,1.0863128036649377,Loose Joint (Potential)
T4_faulty_001.png,val,503,102,49,100,0.02176447818123454,0.11777181603089625,26,6.179238224098979,Full Wire Overload (Potential)
T6_faulty_001.jpg,val,2561,554,14,198,0.00042832913552161197,0.3486594676320005,18,5.748567423034937,Point Overload (Faulty)
T6_faulty_001.jpg,val,826,414,174,65,0.0010326955367782472,-0.11045953314742356,14,2.8037854986887534,Warm Area (Likely Normal)
T6_faulty_001.jpg,val,697,372,65,55,0.00018924006066515004,0.20125219346438902,7,2.1036232104948347,Warm Area (Likely Normal)
T6_faulty_001.jpg,val,678,367,13,16,1.633422706099014e-05,-0.03125384351779118,7,1.9861565415408104,Warm Area (Likely Normal)
T6_faulty_001.jpg,val,769,359,17,29,4.5617349149604594e-05,0.16065142090258225,8,2.3072096905905677,Warm Area (Likely Normal)
T6_faulty_001.jpg,val,702,328,30,13,3.1145054706965657e-05,0.09192745161726733,7,1.8226705669758505,Warm Area (Likely Normal)
T6_faulty_001.jpg,val,853,312,98,39,0.00023291084389556927,-0.026997491619849583,31,5.928442045297186,Full Wire Overload (Potential)
T6_faulty_001.jpg,val,752,304,38,22,4.6548315458780194e-05,0.10013165859915432,12,2.042591201993651,Warm Area (Likely Normal)
T6_faulty_001.jpg,val,841,271,29,27,6.0089643592243525e-05,-0.07906113171267874,8,1.3292100557551925,Warm Area (Likely Normal)
T6_faulty_001.jpg,val,873,250,144,36,0.0003497894323475246,-0.11851515991364371,13,6.308737667464466,Full Wire Overload (Potential)
T6_faulty_001.jpg,val,2561,151,14,358,0.0007247995883436247,-0.10891354587809968,9,28.543601449877592,Full Wire Overload (Potential)
T3_normal_001.png,val,41,85,42,52,0.042727706247019555,0.5957089233995819,30,1.1537424646462984,Loose Joint (Potential)
T3_normal_001.png,val,213,50,20,47,0.020147830233667143,0.9118865252519802,17,2.499130022835536,Loose Joint (Faulty)
T1_faulty_038.jpg,val,232,321,77,46,0.004610595703125,0.48740565357005244,28,1.9446093017742296,Point Overload (Potential)
T1_faulty_038.jpg,val,20,293,8,76,0.001263427734375,0.8557633925004182,27,3.9437663941480885,Point Overload (Potential)
T1_faulty_038.jpg,val,403,263,187,85,0.0186669921875,0.383249059735218,28,2.3565954788543384,Loose Joint (Potential)
T1_faulty_038.jpg,val,314,249,62,60,0.004937744140625,0.4007500970743449,27,1.4789208332956187,Point Overload (Potential)
T1_faulty_038.jpg,val,395,237,11,15,0.000218505859375,0.23482741268517882,33,1.9053858361630798,Point Overload (Potential)
T1_faulty_038.jpg,val,20,196,8,88,0.00142333984375,0.5012038277587123,173,7.877042450353839,Point Overload (Faulty)
T1_faulty_030.jpg,val,161,333,52,26,0.001754150390625,0.5719015253558994,28,2.961726100570663,Point Overload (Potential)
T1_faulty_030.jpg,val,20,292,8,76,0.001278076171875,1.723038238274011,28,3.975660325347255,Point Overload (Potential)
T1_faulty_030.jpg,val,343,279,162,71,0.01153076171875,0.4145008375717681,24,2.3314799270960775,Loose Joint (Potential)
T1_faulty_030.jpg,val,250,266,51,49,0.00319091796875,0.376969156967985,31,1.3942074891265193,Point Overload (Potential)
T1_faulty_030.jpg,val,20,199,8,85,0.00140380859375,0.8465387035829107,174,8.916061295052332,Point Overload (Faulty)
T6_normal_001.jpg,val,2561,554,14,196,0.0004273267888508515,0.3484324265710133,19,4.710991192270085,Point Overload (Faulty)
T6_normal_001.jpg,val,2561,160,14,344,0.0006832817068502596,-0.11089095542964397,9,28.12111778795826,Full Wire Overload (Potential)
T1_faulty_002.jpg,val,20,300,8,84,0.001414794921875,0.5452490439963564,24,2.2687454958015723,Point Overload (Potential)
T1_faulty_002.jpg,val,63,211,463,429,0.31696044921875,0.09827327518381267,175,1.1800054766464998,Warm Area (Likely Normal)
T1_faulty_002.jpg,val,20,197,8,89,0.00146240234375,0.18408234967027345,173,10.726634494131341,Full Wire Overload (Potential)
T1_faulty_002.jpg,val,359,15,270,210,0.089515380859375,0.27719645599508896,27,1.7379849926032533,Loose Joint (Potential)
T13_faulty_001.jpg,val,1198,670,40,91,0.00039506824829379264,-0.05977496240548706,18,2.692937246156828,Warm Area (Likely Normal)
T13_faulty_001.jpg,val,2561,554,14,198,0.00042832913552161197,0.3747169423558667,18,5.748567423034937,Point Overload (Faulty)
T13_faulty_001.jpg,val,2561,151,14,358,0.0007247995883436247,-0.0442994989734218,9,28.543601449877592,Full Wire Overload (Potential)
T1_faulty_022.jpg,val,20,292,8,74,0.00124755859375,1.1962787626477451,27,1.0,Point Overload (Potential)
T1_faulty_022.jpg,val,434,274,169,150,0.03789794921875,0.37049595490908394,28,2.0151176504554393,Loose Joint (Potential)
T1_faulty_022.jpg,val,280,274,89,166,0.01728515625,0.2598740774618784,35,1.8014265761670734,Loose Joint (Potential)
T1_faulty_022.jpg,val,20,198,8,84,0.001368408203125,0.6846601602304306,174,8.669708477304733,Point Overload (Faulty)
T1_faulty_003.jpg,val,0,591,16,49,0.0017578125,0.6727477104199074,34,1.0,Point Overload (Potential)
T1_faulty_003.jpg,val,20,301,8,81,0.0013623046875,0.5036669100602121,27,4.163960459141334,Point Overload (Potential)
T1_faulty_003.jpg,val,20,192,8,100,0.00164306640625,0.001495634761737543,175,8.53064072889305,Full Wire Overload (Potential)
T1_faulty_003.jpg,val,37,80,568,560,0.44454345703125,0.2958609282433536,25,1.4059466389965658,Loose Joint (Potential)
T1_faulty_024.jpg,val,111,312,80,23,0.00279296875,0.5999895202425228,26,2.933127398838066,Point Overload (Potential)
T1_faulty_024.jpg,val,346,282,213,50,0.01067138671875,0.40548427552674,24,4.45024987074537,Loose Joint (Potential)
T1_faulty_024.jpg,val,26,271,12,90,0.00234619140625,1.3353808173105863,29,2.812031241777274,Point Overload (Potential)
T1_faulty_024.jpg,val,233,266,72,42,0.0038330078125,0.4165377028913485,26,1.9335435098581153,Point Overload (Potential)
T1_faulty_024.jpg,val,27,157,10,106,0.002227783203125,0.4315732896945902,173,9.428683111148539,Point Overload (Faulty)
T13_normal_003.jpg,val,2561,554,14,198,0.00042832913552161197,0.4450832906024289,18,5.748567423034937,Point Overload (Faulty)
T13_normal_003.jpg,val,2561,151,14,358,0.0007247995883436247,-0.0442994989734218,9,28.543601449877592,Full Wire Overload (Potential)
T6_normal_003.jpg,test,2561,554,14,196,0.0004273267888508515,0.33822443797628005,19,4.710991192270085,Point Overload (Faulty)
T6_normal_003.jpg,test,2561,160,14,344,0.0006832817068502596,-0.11953203356123578,9,28.12111778795826,Full Wire Overload (Potential)
T1_normal_005.jpg,test,20,295,8,49,0.0006591796875,0.7939156185033109,25,10.772023119670397,Point Overload (Potential)
T1_normal_005.jpg,test,20,193,8,64,0.00077392578125,0.17156362378798468,173,9.616376558439933,Full Wire Overload (Potential)
T1_normal_005.jpg,test,179,141,52,19,0.001463623046875,0.31650286126022,25,2.794984763589895,Point Overload (Potential)
T1_normal_005.jpg,test,368,111,105,36,0.0039599609375,0.28842420787788176,27,3.340079375948503,Point Overload (Potential)
T1_normal_005.jpg,test,288,97,27,20,0.000745849609375,0.18663529368525042,28,1.5559860428362613,Point Overload (Potential)
T13_normal_002.jpg,test,2561,554,14,198,0.00042832913552161197,0.36312381448693437,18,5.748567423034937,Point Overload (Faulty)
T13_normal_002.jpg,test,2561,151,14,358,0.0007247995883436247,-0.17990626666580653,9,28.543601449877592,Full Wire Overload (Potential)
T12_normal_001.jpg,test,2561,554,14,198,0.00042832913552161197,0.41725485793392597,18,5.748567423034937,Point Overload (Faulty)
T12_normal_001.jpg,test,2561,151,14,358,0.0007247995883436247,-0.0442994989734218,9,28.543601449877592,Full Wire Overload (Potential)
T1_faulty_021.jpg,test,20,292,8,71,0.0011962890625,0.6273357537199011,27,1.0,Point Overload (Potential)
T1_faulty_021.jpg,test,209,279,85,129,0.01477783203125,0.29095806568234833,35,1.5600709915491946,Loose Joint (Potential)
T1_faulty_021.jpg,test,309,257,258,263,0.097203369140625,0.26754151399905546,28,1.0979793652481806,Loose Joint (Potential)
T1_faulty_021.jpg,test,20,198,8,85,0.001390380859375,0.24032903246014692,174,9.341097255766956,Full Wire Overload (Potential)
T4_faulty_002.png,test,64,92,244,184,0.26025093153705625,0.020702713446322036,6,1.3930108408201018,Warm Area (Likely Normal)
T4_faulty_002.png,test,382,79,37,74,0.020578317519334928,0.03465092778620662,28,10.492607858127345,Full Wire Overload (Potential)
T1_normal_002.jpg,test,200,307,64,37,0.00317626953125,0.6530534541372822,27,1.692823521147985,Point Overload (Potential)
T1_normal_002.jpg,test,20,292,8,77,0.001298828125,1.3423232982620952,28,1.0,Point Overload (Potential)
T1_normal_002.jpg,test,392,272,113,49,0.007017822265625,0.5704861413934925,28,2.615689542347461,Point Overload (Potential)
T1_normal_002.jpg,test,310,261,30,38,0.001951904296875,0.45593206111432244,28,1.263060034071339,Point Overload (Potential)
T1_normal_002.jpg,test,20,198,8,86,0.001412353515625,0.8308071299082647,174,9.328461519630208,Point Overload (Faulty)
T1_faulty_015.jpg,test,219,585,120,55,0.0119287109375,0.14122360963222344,31,2.6031309329764594,Loose Joint (Potential)
T1_faulty_015.jpg,test,132,323,362,317,0.163013916015625,0.2109026498989017,28,1.4310119105786057,Loose Joint (Potential)
T1_faulty_015.jpg,test,20,292,8,72,0.00121337890625,1.2120826923719294,27,1.0,Point Overload (Potential)
T1_faulty_015.jpg,test,20,199,8,84,0.00138427734375,0.8150405020713138,174,7.099051729578988,Point Overload (Faulty)
T1_faulty_015.jpg,test,442,164,22,33,0.00136474609375,0.27788289559387475,32,1.335350486783515,Point Overload (Potential)
T1_faulty_015.jpg,test,474,145,151,113,0.018673095703125,0.3265311503436006,27,3.3121260626813327,Loose Joint (Potential)
T5_normal_001.png,test,390,73,36,63,0.019086524354460094,0.6062610769121469,0,4.2686513857796875,Loose Joint (Faulty)
T12_faulty_001.jpg,test,1200,648,56,61,0.00021886171595710108,-0.16915067065510217,9,1.8192636819383488,Warm Area (Likely Normal)
T12_faulty_001.jpg,test,1058,590,68,74,0.0003469965334199978,-0.15149523738806747,11,1.406186018844613,Warm Area (Likely Normal)
T12_faulty_001.jpg,test,1232,577,14,11,1.7519093272668183e-05,0.052112763458368606,28,1.7034152565153333,Warm Area (Likely Normal)
T12_faulty_001.jpg,test,2561,554,14,198,0.00042832913552161197,0.23006807826891865,18,5.748567423034937,Full Wire Overload (Potential)
T12_faulty_001.jpg,test,1116,506,47,34,0.0001594491387715307,-0.008522688164913465,12,1.4492726870425585,Warm Area (Likely Normal)
T12_faulty_001.jpg,test,2561,151,14,358,0.0007247995883436247,-0.20935953935483143,9,28.543601449877592,Full Wire Overload (Potential)
T8_normal_003.jpg,test,2561,554,14,198,0.00042832913552161197,0.43820313678240524,18,5.748567423034937,Point Overload (Faulty)
T8_normal_003.jpg,test,2561,151,14,358,0.0007247995883436247,-0.0442994989734218,9,28.543601449877592,Full Wire Overload (Potential)
